"","SMILES","Type"
"1","NC1=C(Cl)C(Cl)=NC(C(O)=O)=C1Cl",0
"12","CCCCOCCOCCOCC1=CC2=C(OCO2)C=C1CCC",0
"73","CC(C)(C1=CC=C(O)C=C1)C1=CC=C(O)C=C1",0
"154","ClC(Cl)C(Cl)(Cl)SN1C(=O)C2CC=CCC2C1=O",0
"271","[Mn++].[Zn++].[S-]C(=S)NCCNC([S-])=S.[S-]C(=S)NCCNC([S-])=S",1
"318","OB(O)O",0
"343","CCNC1=NC(N)=NC(Cl)=N1",0
"347","COC(=O)C1=C(N(C)N=C1Cl)S(=O)(=O)NC(=O)NC1=NC(OC)=CC(OC)=N1",0
"364","ClC1=CC=CC=C1NC1=NC(Cl)=NC(Cl)=N1",0
"366","CC(OC1=CC(Cl)=CC=C1)C(O)=O",0
"372","COC(=O)C1=CC=CC=C1S(=O)(=O)NC(=O)N(C)C1=NC(OC)=NC(C)=N1",0
"374","CC(C)OC(=O)NC1=CC=CC(Cl)=C1",0
"455","COP(N)(=O)SC",0
"502","FC1=CC2=C(C=C1N1C(=O)C3=C(CCCC3)C1=O)N(CC#C)C(=O)CO2",0
"566","CC(C)C1(C)NC(=NC1=O)C1=NC=C(C)C=C1C(O)=O",0
"576","CS(=O)(=O)C1=CC(=C(C=C1)C(=O)C1C(=O)CCCC1=O)[N+]([O-])=O",0
"597","CC(C)=CC1C(C(=O)OCC2=COC(CC3=CC=CC=C3)=C2)C1(C)C",0
"649","C[C@@H](OC1=CC=C(OC2=NC=C(Cl)C=C2F)C=C1)C(=O)OCC#C",0
"914","COCCO",0
"951","COC1=C(OC)C=C(C=C1)C(=CC(=O)N1CCOCC1)C1=CC=C(Cl)C=C1",0
"1046","CN1N=C(C)C(C=NOCC2=CC=C(C=C2)C(=O)OC(C)(C)C)=C1OC1=CC=CC=C1",1
"1070","ClC1=CC=C(CN2CCS\C2=N/C#N)C=N1",0
"1103","FC(F)C(F)(F)OCC(CN1C=NC=N1)C1=C(Cl)C=C(Cl)C=C1",0
"1120","CCC1=CC=C(C=C1)C(=O)NN(C(=O)C1=CC(C)=CC(C)=C1)C(C)(C)C",0
"1166","OC(=O)C1(CC1)C(=O)NC1=CC=C(Cl)C=C1Cl",0
"1172","CCSC(=O)N(CC)C1CCCCC1",0
"1175","CCCCC(CC)CN1C(=O)C2C3CC(C=C3)C2C1=O",0
"1186","CCOC(=O)[C@H](C)OC1=CC=C(OC2=NC3=C(O2)C=C(Cl)C=C3)C=C1",0
"1195","CNC(=O)OC1=CC=CC=C1OC(C)C",0
"1196","COCC1=CN=C(C2=NC(C)(C(C)C)C(=O)N2)C(=C1)C(O)=O",0
"1198","ClC1=CC=C(CCC(CN2C=NC=N2)(C#N)C2=CC=CC=C2)C=C1",0
"1228","ClC1=C(Cl)C2(Cl)C3COS(=O)OCC3C1(Cl)C2(Cl)Cl",0
"1230","OC(C1=CC=C(Cl)C=C1)(C1=CC=C(Cl)C=C1)C(Cl)(Cl)Cl",0
"1258","CNC(=O)ON=CC(C)(C)SC",0
"1283","FC(OC(F)(F)F)C(F)(F)OC1=C(Cl)C=C(NC(=O)NC(=O)C2=C(F)C=CC=C2F)C=C1",0
"1293","COC(=O)CSC1=C(Cl)C=C(F)C(=C1)\N=C1/SC(=O)N2CCCCN12",0
"1303","COC(=O)C1=C(CC(C)C)C(C2=NCCS2)=C(N=C1C(F)F)C(F)(F)F",0
"1307","CCCCC(CC)COC(=O)C1=C(C=CC=C1)C(=O)OCC(CC)CCCC",0
"1320","CCCN(CC)CC1COC2(CCC(CC2)C(C)(C)C)O1",0
"1371","CCC1=NN(C)C(C(=O)NCC2=CC=C(C=C2)C(C)(C)C)=C1Cl",0
"1394","CC1COC(CN2C=NC=N2)(O1)C1=C(Cl)C=C(OC2=CC=C(Cl)C=C2)C=C1",0
"1395","ClC1=CC=CC(Cl)=C1C#N",0
"1398","CCC(C)OC(=O)N1CCCCC1CCO",0
"1417","NC1=C(C(=NN1C1=C(Cl)C=C(C=C1Cl)C(F)(F)F)C#N)S(=O)C(F)(F)F",1
"1420","CN(C)S(=O)(=O)N1C(=NC(Cl)=C1C1=CC=C(C)C=C1)C#N",1
"1428","OC1=C(CC2=CC=CC=C2)C=C(Cl)C=C1",1
"1429","CC(OC1=C(Cl)C=C(Cl)C=C1)C(O)=O",0
"1495","CC1=NC(NC2=CC=CC=C2)=NC(=C1)C1CC1",1
"1507","CCOC(=O)CC(SP(=S)(OC)OC)C(=O)OCC",0
"1524","CCCCOC(=O)[C@@H](C)OC1=CC=C(OC2=C(F)C=C(C=C2)C#N)C=C1",0
"1532","COP(=S)(OC)OC1=CC=C(C(C)=C1)[N+]([O-])=O",0
"1543","CCNC1=NC(NCC)=NC(Cl)=N1",0
"1545","N(C1=CC=CC=C1)C1=CC=CC=C1",0
"1576","CC1=NN(C(=O)N1C(F)F)C1=CC(NS(C)(=O)=O)=C(Cl)C=C1Cl",0
"1583","CCS(=O)(=O)C1=CC=CN=C1S(=O)(=O)NC(=O)NC1=NC(OC)=CC(OC)=N1",0
"1587","OCCOC1=CC=CC=C1",0
"1607","CC1=NNC(=O)N(C1)\N=C\C1=CC=CN=C1",0
"1610","O=C1NNC(=O)C=C1",0
"1613","[Na+].COC1=CC(OC)=NC(SC2=C(C([O-])=O)C(Cl)=CC=C2)=N1",0
"1658","[Mn++].[S-]C(=S)NCCNC([S-])=S",1
"1665","FC1=CC=C(OC2=CC=NC3=CC(Cl)=CC(Cl)=C23)C=C1",0
"1713","COC(=O)C1=C(C(C)=CC=C1)S(=O)(=O)NC(=O)NC1=NC(=NC(OCC(F)(F)F)=N1)N(C)C",0
"1721","CC1(CCCCC1)C(=O)NC1=C(Cl)C(Cl)=C(O)C=C1",1
"1739","[Ca++].CCC([O-])=C1C(=O)CC(CC1=O)C([O-])=O",0
"1772","CCOC(=O)C(Cl)CC1=C(Cl)C=C(F)C(=C1)N1N=C(C)N(C(F)F)C1=O",0
"1792","CCOC(=O)COC1=C(Cl)C=C(F)C(=C1)C1=NN(C)C(OC(F)F)=C1Cl",0
"1836","COC(=O)C1=C(C=CC=C1)C(=O)OC",0
"1842","FC1(F)OC2=CC=CC(=C2O1)C1=CNC=C1C#N",0
"1853","CCCCOC(=O)C1=C(C=CC=C1)C(O)=O",0
"1858","CC1(OC(=O)N(NC2=CC=CC=C2)C1=O)C1=CC=C(OC2=CC=CC=C2)C=C1",1
"1861","CO\C=C(\C(=O)OC)C1=CC=CC=C1OC1=CC(OC2=CC=CC=C2C#N)=NC=N1",1
"1867","CCCSP(=O)(OCC)SCCC",0
"1868","CC1(C)CCC(=CC2=CC=C(Cl)C=C2)C1(O)CN1C=NC=N1",0
"1897","ClC(Cl)(Cl)SN1C(=O)C2CC=CCC2C1=O",0
"1898","ClC(Cl)(Cl)SN1C(=O)C2=C(C=CC=C2)C1=O",0
"1947","CN1C(=O)N(C(=O)C=C1C(F)(F)F)C1=CC(C(=O)OC(C)(C)C(=O)OCC=C)=C(Cl)C=C1",0
"1948","CCN(CC)C(=O)C1=CC=CC(C)=C1",0
"1969","CSC(=O)C1=CC=CC2=C1SN=N2",0
"1978","CN(CC1=CN=C(Cl)C=C1)C(\C)=N\C#N",0
"2007","CCCOC(=O)C1=CC=C(N=C1)C(=O)OCCC",0
"2042","CN(C)C(=S)SSC(=S)N(C)C",1
"2064","[O-][N+](=O)\N=C1/NCCN1CC1=CN=C(Cl)C=C1",0
"2098","CC(C)NC1=NC(NC(C)C)=NC(Cl)=N1",0
"2154","CS(=O)(=O)C1=C(C=CC(=C1)C(F)(F)F)C(=O)C1=C(ON=C1)C1CC1",0
"2170","CON=C(C(=O)OC)C1=C(CON=C(C)C2=CC(=CC=C2)C(F)(F)F)C=CC=C1",1
"2173","COP(=O)(OC)O\C(C)=C\C(=O)N(C)C",0
"2211","CC(C)N(C(=O)COC1=NN=C(S1)C(F)(F)F)C1=CC=C(F)C=C1",0
"2277","[Na+].COC(=O)C1=C(C=C(I)C=C1)S(=O)(=O)[N-]C(=O)NC1=NC(OC)=NC(C)=N1",1
"2281","CC1=CC(C)=NC(NC(=O)NS(=O)(=O)C2=C(C=CC=C2)C(=O)OC2COC2)=N1",0
"2306","CCOC1=NC(F)=CC2=NC(=NN12)S(=O)(=O)NC1=C(Cl)C=CC=C1Cl",0
"2376","CCC(C)(C)C(=O)OC1=C(C(=O)OC11CCCCC1)C1=CC(Cl)=CC(Cl)=C1",0
"2381","N1C2=C(C=CC=C2)N=C1C1=CSC=N1",1
"2419","COC1=C(NNC(=O)OC(C)C)C=C(C=C1)C1=CC=CC=C1",1
"2423","CCC(=NOC\C=C\Cl)C1=C(O)CC(CC1=O)C1CCOCC1",0
"2482","CCN(CC)C(=O)C(C)OC1=C2C=CC=CC2=CC=C1",0
"2490","CCOC1=C(C=CC(=C1)C(C)(C)C)C1COC(=N1)C1=C(F)C=CC=C1F",1
"2501","CN1COCN(CC2=CN=C(Cl)S2)C1=N[N+]([O-])=O",0
"2537","CCC(C)(NC(=O)C1=CC(Cl)=C(C)C(Cl)=C1)C(=O)CCl",0
"2589","CCCN(CCC)C1=C(C=C(C=C1[N+]([O-])=O)C(F)(F)F)[N+]([O-])=O",0
"2602","CN(C)NC(=O)CCC(O)=O",0
"2604","CCC1=CC=CC(CC)=C1N(COC)C(=O)CCl",0
"2619","COC1=NC(NC(C)C)=NC(NC(C)C)=N1",0
"2620","COC1=CC=CC(C(=O)NN(C(=O)C2=CC(C)=CC(C)=C2)C(C)(C)C)=C1C",0
"2622","CSC1=N[C@](C)(C(=O)N1NC1=CC=CC=C1)C1=CC=CC=C1",0
"2653","CCOC(=O)CC(SP(=O)(OC)OC)C(=O)OCC",0
"2696","OP(O)(=O)CCCl",1
"2708","CNC(=O)ON=C(C)SC",0
"2728","OC1=C(Br)C=C(C=C1Br)C#N",0
"2738","NC1=C(Cl)C(=O)N(N=C1)C1=CC=CC=C1",0
"2740","OC(=O)C1=C(Cl)C=CC(Cl)=N1",0
"2779","COC1=CC(OC)=NC(NC(=O)NS(=O)(=O)C2=C(C=CC(NC=O)=C2)C(=O)N(C)C)=N1",0
"2787","COC(=O)N(C(=O)N1CO[C@]2(CC3=C(C=CC(Cl)=C3)C2=N1)C(=O)OC)C1=CC=C(OC(F)(F)F)C=C1",0
"2813","CON(C(=O)OC)C1=C(COC2=NN(C=C2)C2=CC=C(Cl)C=C2)C=CC=C1",1
"2835","OS(=O)(=O)C(F)(F)C(F)(F)C(F)(F)C(F)(F)C(F)(F)C(F)(F)C(F)(F)C(F)(F)F",0
"2860","CCCCNC(=O)N1C(NC(=O)OC)=NC2=C1C=CC=C2",0
"2897","[Na+].CCCOC1=NN(C(=O)[N-]S(=O)(=O)C2=C(C=CC=C2)C(=O)OC)C(=O)N1C",0
"2944","CCCCN(CC)C1=C(C=C(C=C1[N+]([O-])=O)C(F)(F)F)[N+]([O-])=O",0
"2965","ClC1=CC=C(C=C1)C1=C(NC(=O)C2=C(Cl)N=CC=C2)C=CC=C1",0
"2966","CCOC(=O)COC1=CC(N2N=CC(=C(C)C2=O)C(F)(F)F)=C(F)C=C1Cl",0
"2981","ClC1=C(Cl)C(C#N)=C(Cl)C(C#N)=C1Cl",0
"2984","CCCN(CCC)C1=C(C=C(C=C1[N+]([O-])=O)S(N)(=O)=O)[N+]([O-])=O",0
"2990","CCNC1=NC(NC(C)C)=NC(Cl)=N1",0
"2994","COC1=C(Cl)C=CC(Cl)=C1C(O)=O",0
"3010","ClC1=CC=CC(=N1)C(Cl)(Cl)Cl",0
"3044","CC(C)OC1=CC(N2N=C(OC2=O)C(C)(C)C)=C(Cl)C=C1Cl",0
"3068","[Na+].COC1=CC(OC)=NC(NC(=O)[N-]S(=O)(=O)C2=NC=CC=C2OCC(F)(F)F)=N1",0
"3080","CCSC(=O)N(CC(C)C)CC(C)C",1
"3171","COC(=O)C1=C(C=C(CNS(C)(=O)=O)C=C1)S(=O)(=O)NC(=O)NC1=NC(OC)=CC(OC)=N1",0
"3186","CSC1=NN=C(C(=O)N1N)C(C)(C)C",0
"3187","CN\C(NCC1=CN=C(Cl)S1)=N/[N+]([O-])=O",0
"3225","N#CSCSC1=NC2=CC=CC=C2S1",0
"3236","CN(C)C(=O)NC1=CC=CC(=C1)C(F)(F)F",0
"3245","CCNC1=NC(NC(C)(C)C#N)=NC(Cl)=N1",0
"3265","COC1=CN=C(OC)N2N=C(NS(=O)(=O)C3=C(C=CC=C3OCC(F)F)C(F)(F)F)N=C12",1
"3291","CCSC(=O)N1CCCCCC1",0
"3302","CCOP(=O)(NC(C)C)OC1=CC=C(SC)C(C)=C1",0
"3352","CNC(=O)OC1=CC=CC2=C1OC(C)(C)O2",0
"3365","CC(C)=CC1C(C(=O)OC2CC(=O)C(CC#C)=C2C)C1(C)C",0
"3367","CC(C)N(C(C)C)C(=O)SCC(Cl)=C(Cl)Cl",0
"3373","CCOP(=S)(OCC)SCN1C(=O)OC2=CC(Cl)=CC=C12",0
"3374","CN(C)C(=O)OC1=C(C)C(C)=NC(=N1)N(C)C",0
"3376","CC(C)(C)C1=CC=C(OC2CCCCC2OS(=O)OCC#C)C=C1",0
"3380","CNC(=O)ON=C(SC)C(=O)N(C)C",0
"3385","CCCCOCN(C(=O)CCl)C1=C(CC)C=CC=C1CC",0
"3397","Cl.CNC(=O)OC1=CC=CC(=C1)N=CN(C)C",0
"3406","COC(=O)NC(=S)NC1=C(NC(=S)NC(=O)OC)C=CC=C1",0
"3446","CC(C)(NC(=O)C1=CC(Cl)=CC(Cl)=C1)C#C",0
"3484","[Cl-].C[N+]1(C)CCCCC1",0
"3569","CC(C)N1C(=O)C2=C(NS1(=O)=O)C=CC=C2",1
"3617","Cl.CCCOC(=O)NCCCN(C)C",0
"3631","CCOC1=NC(=NS1)C(Cl)(Cl)Cl",0
"3665","CCOC1OC2=C(C=C(OS(C)(=O)=O)C=C2)C1(C)C",0
"3710","COC1=CC(Cl)=C(OC)C=C1Cl",0
"3743","CNC1=C(Cl)C(=O)N(N=C1)C1=CC=CC(=C1)C(F)(F)F",0
"3796","CCN(CC)C(=O)SCC1=CC=C(Cl)C=C1",0
"3811","CC(C)=C[C@@H]1[C@@H](C(=O)O[C@H]2CC(=O)C(CC=C)=C2C)C1(C)C",0
"3861","CCCN(CCC)C1=C(C(N)=C(C=C1[N+]([O-])=O)C(F)(F)F)[N+]([O-])=O",0
"3872","CCN(CC)C1=NC(OP(=S)(OC)OC)=CC(C)=N1",0
"3895","OC1=CC=C(C=C1)C(C1=CC=C(O)C=C1)C(Cl)(Cl)Cl",1
"3901","COP(=S)(OC)OC1=CC=C(C=C1)[N+]([O-])=O",0
"3903","CCOP(=S)(OCC)SCCSCC",0
"3933","COP(=O)(OC)OC(Br)C(Cl)(Cl)Br",0
"3989","COP(=O)(NC(C)=O)SC",0
"4031","CCNP(=S)(OC)O\C(C)=C\C(=O)OC(C)C",0
"4049","CCC(C)N1C(=O)NC(C)=C(Br)C1=O",0
"4155","CN(C)C(=O)NC1=CC(Cl)=C(Cl)C=C1",0
"4156","CON(C)C(=O)NC1=CC=C(Cl)C(Cl)=C1",0
"4159","CN(\C=N\C1=C(C)C=C(C)C=C1)\C=N\C1=C(C)C=C(C)C=C1",1
"4184","CCOP(=S)(OCC)OC1=NC(=NC(C)=C1)C(C)C",0
"4187","COC(=O)NS(=O)(=O)C1=CC=C(N)C=C1",0
"4203","OC(=O)C(F)(F)C(F)(F)C(F)(F)C(F)(F)C(F)(F)C(F)(F)C(F)(F)F",0
"4205","CCC(C)NC1=C(C=C(C=C1[N+]([O-])=O)C(C)(C)C)[N+]([O-])=O",0
"4218","OC1=C(OC2=CC=C(Cl)C=C2Cl)C=CC(Cl)=C1",1
"4235","CNC(=O)N(C)C1=NN=C(S1)C(C)(C)C",0
"4252","CCOCN(C(=O)CCl)C1=C(CC)C=CC=C1C",0
"4321","ClC1=CC(Cl)=C(C=C1)C(CN1C=CN=C1)OCC=C",0
"4322","COP(=O)(OC)SCN1C(=O)OC2=CC(Cl)=CN=C12",1
"4362","CO\N=C(\C1=NOCCO1)C1=C(OC2=C(F)C(OC3=C(Cl)C=CC=C3)=NC=N2)C=CC=C1",1
"4408","CC(C)NC(=O)N1CC(=O)N(C1=O)C1=CC(Cl)=CC(Cl)=C1",0
"4572","CC1(C)C(C(=O)OC(C#N)C2=CC=CC(OC3=CC=CC=C3)=C2)C1(C)C",0
"4610","CCC(CC)NC1=C(C(C)=C(C)C=C1[N+]([O-])=O)[N+]([O-])=O",0
"4637","CCCSP(=O)(OCC)OC1=C(Cl)C=C(Br)C=C1",1
"4677","NC#N",0
"4696","CCOP(=S)(OCC)OC1=NN(C(C)C)C(Cl)=N1",0
"4715","CCOC1=CC(OC2=CC=C(C=C2Cl)C(F)(F)F)=CC=C1[N+]([O-])=O",0
"4727","CC(C)(C)C(=O)C(OC1=CC=C(Cl)C=C1)N1C=NC=N1",0
"4731","COS([O-])(=O)=O.CN1C(=CC(C2=CC=CC=C2)=[N+]1C)C1=CC=CC=C1",1
"4745","COC(=O)C1=C(C=CC=C1)C(O)=O",0
"4746","CCCCC(CC)COC(=O)C1=CC=CC=C1C(O)=O",0
"5044","CC1(OC(=O)N(C1=O)C1=CC(Cl)=CC(Cl)=C1)C=C",0
"5067","OC(=O)C1=C(C=CC(OC2=CC=C(C=C2Cl)C(F)(F)F)=C1)[N+]([O-])=O",0
"5072","OC1=C(C=C(Cl)C=C1)C(=O)NC1=CC=C(C=C1Cl)[N+]([O-])=O",0
"5128","CCC1=C(N(C(C)COC)C(=O)CCl)C(C)=CC=C1",0
"5130","CN(C)C1=NC(=O)N(C2CCCCC2)C(=O)N1C",0
"5144","COC(=O)C(C)OC1=CC=C(OC2=CC=C(Cl)C=C2Cl)C=C1",0
"5196","O=C(NC1=CN=NS1)NC1=CC=CC=C1",1
"5253","CC1(C)C(C=C(Cl)Cl)C1C(=O)OC(C#N)C1=CC=CC(OC2=CC=CC=C2)=C1",0
"5256","CC1=C(SCCO1)C(=O)NC1=CC=CC=C1",0
"5279","CC1(C)C(C=C(Cl)Cl)C1C(=O)OCC1=CC(OC2=CC=CC=C2)=CC=C1",1
"5284","COP(=O)(OC)C(O)C(Cl)(Cl)Cl",0
"5316","CC1=CC(C)=NC(NC2=CC=CC=C2)=N1",0
"5359","CN1CSC(=S)N(C)C1",0
"5509","CCOP(=S)(OCC)OC(Cl)C(Cl)(Cl)Cl",1
"5581","CC(C)(C)C(O)C(OC1=CC=C(Cl)C=C1)N1C=NC=N1",0
"5591","CCN(CC(C)=C)C1=C(C=C(C=C1[N+]([O-])=O)C(F)(F)F)[N+]([O-])=O",0
"5600","OC(=O)COC1=C(Cl)C=C(Cl)C(Cl)=N1",0
"5605","COP(=S)(OC)OC1=CC(C)=C(SC)C=C1",0
"5608","CCCCNC(=O)OCC#CI",1
"5634","CN=C=S",0
"5671","COP(=S)(OC)OC1=NC(Cl)=C(Cl)C=C1Cl",0
"5672","CCOP(=O)(OCC)OC1=NC(Cl)=C(Cl)C=C1Cl",0
"5714","CCOP(=S)(OCC)OC1=CC=C(C=C1)[N+]([O-])=O",0
"5740","CCOP(=S)(OCC)OC1=CC2=C(C=C1)C(C)=C(Cl)C(=O)O2",0
"5817","NCCO.OC(=O)C1=C(Cl)C=CC(Cl)=N1",0
"5824","COCC(=O)N(C(C)C(=O)OC)C1=C(C)C=CC=C1C",0
"5839","CCNC(=O)NC(=O)C(=N\OC)\C#N",0
"5876","CC(C)=CC1C(C(=O)OC2CC(=O)C(CC=C)=C2C)C1(C)C",0
"5913","Cl[C@H]1[C@H](Cl)[C@@H](Cl)[C@@H](Cl)[C@H](Cl)[C@H]1Cl",0
"5929","CC1=C(Cl)C(=O)N(C(=O)N1)C(C)(C)C",0
"5995","CS\C(C)=N\OC(=O)N(C)SN(C)C(=O)O\N=C(/C)SC",0
"6051","OC(C1=CC=C(Cl)C=C1)(C1=CN=CN=C1)C1=CC=CC=C1Cl",1
"6057","CCCC1COC(CN2C=NC=N2)(O1)C1=C(Cl)C=C(Cl)C=C1",0
"6088","CNC(=O)CSP(=S)(OC)OC",1
"6106","C1C2C3C(C1C4C2O4)C5(C(=C(C3(C5(Cl)Cl)Cl)Cl)Cl)Cl",0
"6107","C1C2C3C(C1C4C2O4)C5(C(=C(C3(C5(Cl)Cl)Cl)Cl)Cl)Cl",0
"6108","C1C2C3C(C1C4C2O4)C5(C(=C(C3(C5(Cl)Cl)Cl)Cl)Cl)Cl",0
"6228","O.O.CN(C)[C@H]1[C@@H]2[C@@H](O)[C@H]3C(=C(O)[C@]2(O)C(=O)C(C(N)=O)=C1O)C(=O)C1=C(C=CC=C1O)[C@@]3(C)O",0
"6377","COP(=O)(OC)OC=C(Cl)Cl",0
"6408","CCN(CC1=C(Cl)C=CC=C1F)C1=C(C=C(C=C1[N+]([O-])=O)C(F)(F)F)[N+]([O-])=O",0
"6433","N#CSCSC#N",0
"6437","CNC(=O)OC1=C2C=CC=CC2=CC=C1",0
"6587","COC1=NC(C)=NC(NC(=O)NS(=O)(=O)C2=C(Cl)C=CC=C2)=N1",0
"6652","NC1=NC(NC2CC2)=NC(N)=N1",0
"6654","CC(C)[C@H](C(=O)O[C@H](C#N)C1=CC=CC(OC2=CC=CC=C2)=C1)C1=CC=C(Cl)C=C1",0
"6663","CC(C)OC1=CC(NC(=O)C2=C(C=CC=C2)C(F)(F)F)=CC=C1",0
"6667","CCOC(=O)C(C)OC1=CC=C(OC2=NC3=C(O2)C=C(Cl)C=C3)C=C1",0
"6716","O.O.O.[Na+].CNC([S-])=S",0
"6743","CCCN(CCOC1=C(Cl)C=C(Cl)C=C1Cl)C(=O)N1C=CN=C1",1
"6768","ClC1=NC=CC(NC(=O)NC2=CC=CC=C2)=C1",0
"6783","CC1(C)C(C=C(Cl)Cl)C1C(=O)OC(C#N)C1=CC=C(F)C(OC2=CC=CC=C2)=C1",0
"6807","CCCOC\C(=N/C1=C(C=C(Cl)C=C1)C(F)(F)F)N1C=CN=C1",0
"6841","CNC(=O)\C=C(/C)OP(=O)(OC)OC",0
"6853","CC(C)N1C(SCN(C1=O)C1=CC=CC=C1)=NC(C)(C)C",0
"6858","NC1=C(Cl)C(F)=NC(OCC(O)=O)=C1Cl",0
"6888","CCCCOC(=O)C(C)OC1=CC=C(OC2=CC=C(C=N2)C(F)(F)F)C=C1",0
"6948","CCC(=O)NC1=CC=C(Cl)C(Cl)=C1",0
"7016","COC1=CC=C(C=C1)C(C1=CC=C(OC)C=C1)C(Cl)(Cl)Cl",0
"7022","CCOC(=O)NCCOC1=CC=C(OC2=CC=CC=C2)C=C1",0
"7042","CSC1=NC(NC(C)C)=NC(NC(C)C)=N1",0
"7085","CCCC(=NOCC)C1=C(O)CC(CC(C)SCC)CC1=O",0
"7088","ClC1=CC=CC=C1C1=NN=C(N=N1)C1=C(Cl)C=CC=C1",1
"7092","CC(C)OP(=S)(OC(C)C)SCCNS(=O)(=O)C1=CC=CC=C1",0
"7097","COC(=O)C1=C(C=CC=C1)S(=O)(=O)NC(=O)NC1=NC(C)=NC(OC)=N1",0
"7173","C[As](C)(O)=O",0
"7208","CCCN(CCC)C(=O)SCC",0
"7254","CCOC(=O)C(C)OC1=CC=C(OC2=CN=C3C=C(Cl)C=CC3=N2)C=C1",0
"7280","O[Sn](C1=CC=CC=C1)(C1=CC=CC=C1)C1=CC=CC=C1",1
"7284","CC(C)=CC1C(C(=O)OCN2C(=O)C3=C(CCCC3)C2=O)C1(C)C",0
"7319","CCOC(=O)C(C)OC(=O)C1=C(C=CC(OC2=C(Cl)C=C(C=C2)C(F)(F)F)=C1)[N+]([O-])=O",0
"7366","COC(O)C=C(C)OP(O)(OC)OC",1
"7407","CCCCSP(=O)(SCCCC)SCCCC",0
"7462","CCCCOC(=O)[C@@H](C)OC1=CC=C(OC2=CC=C(C=N2)C(F)(F)F)C=C1",0
"7485","CC1=C(F)C(F)=C(COC(=O)C2C(\C=C(/Cl)C(F)(F)F)C2(C)C)C(F)=C1F",0
"7491","[O-][N+](=O)C1=CC(=C(Cl)C(=C1NC1=C(Cl)C=C(C=N1)C(F)(F)F)[N+]([O-])=O)C(F)(F)F",1
"7511","CCCCC(O)(CN1C=NC=N1)C1=CC=C(Cl)C=C1Cl",0
"7575","CC(C)C1(C)N=C(NC1=O)C1=NC=CC=C1C(O)=O",0
"7576","CC(C)C1(C)N=C(NC1=O)C1=NC2=C(C=CC=C2)C=C1C(O)=O",0
"7577","CCC1=CN=C(C2=NC(C)(C(C)C)C(=O)N2)C(=C1)C(O)=O",0
"7580","CCCCCCC(C)OC(=O)COC1=NC(F)=C(Cl)C(N)=C1Cl",0
"7594","CC1(C)CON(CC2=C(Cl)C=CC=C2)C1=O",0
"7609","COC1=NC(C)=NC(NC(=O)NS(=O)(=O)C2=C(OCCCl)C=CC=C2)=N1",0
"7632","CCC(C)(CC)C1=NOC(NC(=O)C2=C(OC)C=CC=C2OC)=C1",0
"7642","CC1=C(C=CC=C1COC(=O)[C@H]1[C@@H](\C=C(/Cl)C(F)(F)F)C1(C)C)C1=CC=CC=C1",0
"7645","[O-][N+](=O)C1=C(Cl)C(Cl)=C(Cl)C(Cl)=C1Cl",0
"7667","COC(=O)C1=C(CS(=O)(=O)NC(=O)NC2=NC(OC)=CC(OC)=N2)C=CC=C1",0
"7687","CCNC1=NC(SC)=NC(NC(C)C)=N1",0
"7700","CC(C)(C)C(O)C(=C/C1=C(Cl)C=C(Cl)C=C1)\N1C=NC=N1",0
"7706","COC1=CC2=C(C=C1OC)[C@H]1[C@@H](CO2)OC2=C(C=CC3=C2C[C@@H](O3)C(C)=C)C1=O",1
"7719","OC(=O)C1=C(Cl)C=CC2=CC(Cl)=CN=C12",1
"7756","CCCCOC(=O)C1=CC=CC=C1C(=O)OCCCC",0
"7789","C[Si](CN1C=NC=N1)(C1=CC=C(F)C=C1)C1=CC=C(F)C=C1",0
"7814","COC(=O)C1=C(C=CC=C1)S(=O)(=O)NC(=O)NC1=NC(OC(F)F)=CC(OC(F)F)=N1",0
"7830","COP(=S)(OC)SCN1N=NC2=C(C=CC=C2)C1=O",0
"7888","CCCCCOC(=O)COC1=C(Cl)C=C(F)C(=C1)N1C(=O)C2=C(CCCC2)C1=O",0
"7896","COCC(C)N(C(=O)CCl)C1=C(C)SC=C1C",0
"7905","CCON=C(CC)C1=C(O)CC(CC1=O)C1=C(C)C=C(C)C=C1C",0
"7911","ClN1C(=O)N(Cl)C(=O)N(Cl)C1=O",0
"7952","CCCCC(CN1C=NC=N1)(C#N)C1=CC=C(Cl)C=C1",0
"8034","OC1=C(C=CC=C1)C1=CC=CC=C1",0
"8215","COC1=NC(C)=NC(NC(=O)NS(=O)(=O)C2=C(CCC(F)(F)F)C=CC=C2)=N1",0
"8231","CC(C1CC1)C(O)(CN1C=NC=N1)C1=CC=C(Cl)C=C1",0
"8251","CC1=C(OCC(O)=O)C=CC(Cl)=C1",0
"8254","OC(=O)COC1=C(Cl)C=C(Cl)C=C1",0
"8257","OC(=O)CCCOC1=CC=C(Cl)C=C1Cl",0
"8265","COC1=NN(CSP(=S)(OC)OC)C(=O)S1",0
"8301","CC(COC1=CC=C(OC2=CC=CC=C2)C=C1)OC1=NC=CC=C1",1
"8331","CCOP(=S)(OC(C)C)OC1=CN=C(N=C1)C(C)(C)C",0
"8336","CCOP(=O)(OCC)OC1=NC(=NC(C)=C1)C(C)C",0
"8346","S=C1NCCN1",0
"8349","CC(C)(C)N1N=CC(SCC2=CC=C(C=C2)C(C)(C)C)=C(Cl)C1=O",1
"8408","CCOC1=NC(NC)=NC(NC(=O)NS(=O)(=O)C2=C(C=CC=C2)C(=O)OC)=N1",1
"8413","CSC(=O)C1=C(N=C(C(C(=O)SC)=C1CC(C)C)C(F)(F)F)C(F)F",0
"8464","CCOP(=O)(SC(C)CC)N1CCSC1=O",0
"8474","CC1=NC2=NC(=NN2C=C1)S(=O)(=O)NC1=C(F)C=CC=C1F",0
"8484","NC1=C(Cl)C=C(C=C1Cl)[N+]([O-])=O",0
"8531","[Br-].[Br-].[2H]C1([2H])[N+]2=C(C=CC=C2)C2=[N+](C=CC=C2)C1([2H])[2H]",0
